COURSE,COLL100
COURSE,ENGL101
COURSE,MATH110
COURSE,HIST101
COURSE,SOCI212
COURSE,HIST222
COURSE,IRLS210
COURSE,PHIL200
COURSE,LITR221
COURSE,CHFD220
COURSE,SCIN130
COURSE,ENGL102
COURSE,PSYC101
COURSE,SOCI111
COURSE,CHFD342
COURSE,OSYC221
COURSE,PSYC324
COURSE,CHFD307
COURSE,CHFD308
COURSE,PSYC460
COURSE,PSYC102
COURSE,PSYC303
COURSE,PSYC304
COURSE,PSYC325
COURSE,PSYC460
COURSE,PSYC305
COURSE,SOCI332
COURSE,PSYC304
COURSE,PSYC325
COURSE,PSYC305
COURSE,PSYC305
COURSE,PSYC325
COURSE,ELEC-201T
COURSE,NRS-430V
COURSE,NRS-429VN
COURSE,NRS-434VN
COURSE,NRS-427VN
COURSE,HLT-362V
COURSE,NRS-433V
COURSE,PHI-413V
COURSE,NRS-451VN
COURSE,NRS-410V
COURSE,NRS-440VN
COURSE,NRS-490
COURSE,EN1150
COURSE,CI1154
COURSE,HT_1000
COURSE,HT1100
COURSE,HT1100ME1150
COURSE,SC1225
COURSE,ME2515
COURSE,MA1015
COURSE,AC2760
COURSE,HU2000
COURSE,EN2150
COURSE,SO1050
COURSE,HT2125
COURSE,HT2135
COURSE,HT2245
COURSE,HT2400
COURSE,NUTRI101
COURSE,ARTHIST1001
COURSE,PHIL1001
COURSE,PHE1000
COURSE,ATC1403
COURSE,ATC1405
COURSE,ATC1406
COURSE,ATC1408
COURSE,MRD1300
COURSE,NUR1324
COURSE,NUR1339
COURSE,NUR1338
COURSE,NUR1339
COURSE,NUR1104
COURSE,LMM1101
COURSE,LMM1102
COURSE,LMM1103
COURSE,INT5000
COURSE,INT7000
COURSE,HS100
COURSE,CM107
COURSE,MM150
COURSE,HIST101
COURSE,CM220
COURSE,HS111
COURSE,HI253
COURSE,HS140
COURSE,HS230
COURSE,SC246
COURSE,PY102
COURSE,PSY105
COURSE,EN101
COURSE,ENG115
COURSE,BUS100
COURSE,MAT090
COURSE,ACC100
COURSE,BUS310
COURSE,SOC100
COURSE,BUS302
COURSE,SCI115
COURSE,CIS105
COURSE,MKT100
COURSE,LEG100
COURSE,MAT104
COURSE,ELC000
COURSE,ENG101
COURSE,BUS110
COURSE,MTH131
COURSE,CF101
COURSE,ENG315
COURSE,MAT000
COURSE,CIS101
COURSE,AOM101
COURSE,CIS107
COURSE,HUM111
COURSE,ME1000
COURSE,ME2550
COURSE,SS1000
COURSE,CI1000
COURSE,ME1160
COURSE,SC2110
COURSE,CI2000
COURSE,ME1410
COURSE,SC1040
COURSE,BC2025
COURSE,BC2530
COURSE,PS2100
COURSE,SS2000
COURSE,BC2535
COURSE,BC3035
COURSE,BUS1200
COURSE,CONRES1000
COURSE,CS220
COURSE,ECO306
COURSE,ENG233
COURSE,MTH409
COURSE,PS201
COURSE,EGR230
COURSE,MET420
COURSE,MET421
COURSE,MTH415
COURSE,MET428
COURSE,MET422
COURSE,MET423
COURSE,ENG333
COURSE,EGR431
COURSE,MTH314
COURSE,EGR430
COURSE,MET426
COURSE,EGR321
COURSE,LASX810X
COURSE,ISX307X
COURSE,CJ101
COURSE,CJ102
COURSE,CJ130
COURSE,CJ150
COURSE,CJ180
COURSE,CJ221
COURSE,CJ227
COURSE,CJ230
COURSE,CJ290
COURSE,CM107
COURSE,CM206
COURSE,CM220
COURSE,IT133
COURSE,CJ333
COURSE,CJ345
COURSE,CJ210
COURSE,CJ340
COURSE,CJ100
COURSE,CS204
COURSE,CJ156
COURSE,CJ445
COURSE,ELEC-201T
COURSE,ELEC-202T
COURSE,NRS-430V
COURSE,NRS-429V
COURSE,NRS-434V
COURSE,NRS-427V
COURSE,PHI-413V
COURSE,HLT-362V
COURSE,NRS-433V
COURSE,NRS-410V
COURSE,NRS-451V
COURSE,NRS-440V
COURSE,NRS-490
COURSE,LAW1801
COURSE,LAW1802
COURSE,LAW1807
COURSE,LAW2814
COURSE,LAW2832
COURSE,SEC1803
COURSE,SEC1826
COURSE,LMM1111
COURSE,LMM1112
COURSE,LMM1113
COURSE,LMM2121
COURSE,LMM2122
COURSE,LMM2123
COURSE,LMM2124
COURSE,ACC210
COURSE,ACC290T
COURSE,ACC291T
COURSE,ACC349
COURSE,ACC400
COURSE,ACC421
COURSE,ACC422
COURSE,ACC423
COURSE,ACC455
COURSE,ACC460
COURSE,ACC491
COURSE,ACC492
COURSE,ACC541
COURSE,ACC542
COURSE,ACC543
COURSE,ACC544
COURSE,ACC545
COURSE,ACC546
COURSE,ACC547
COURSE,ACC548
COURSE,ACC556
COURSE,ACC561
COURSE,ADM511
COURSE,ADM512
COURSE,ADM513
COURSE,ADM514
COURSE,ADM516
COURSE,ADM517
COURSE,ADMIN518
COURSE,ADMIN524
COURSE,ADMIN528
COURSE,ADMIN536
COURSE,ADMIN555
COURSE,ADMIN560
COURSE,ADMIN565
COURSE,ADMIN570
COURSE,ADMIN575
COURSE,AET500
COURSE,AET560
COURSE,AET562
COURSE,ARTS100
COURSE,ARTS230
COURSE,ARTS340
COURSE,AUT510
COURSE,AUT512
COURSE,AUT513
COURSE,BIO101
COURSE,BIO280
COURSE,BIO290
COURSE,BIO291
COURSE,BIO315
COURSE,BIO330
COURSE,BIO335
COURSE,BIO340
COURSE,BIO350
COURSE,BIO351
COURSE,BIO405
COURSE,BIO410
COURSE,BIS221T
COURSE,BIS320
COURSE,BIS375
COURSE,BLE571
COURSE,BPA200
COURSE,BPA201
COURSE,BPA211
COURSE,BPA221
COURSE,BPA300
COURSE,BPA361
COURSE,BRM276
COURSE,BRM353
COURSE,BSA375
COURSE,BSA376
COURSE,BSA385
COURSE,BSCOM100T
COURSE,BSCOM234T
COURSE,BSCOM348
COURSE,BSCOM360
COURSE,BSHS325
COURSE,BSHS345
COURSE,BSHS395
COURSE,BSHS408
COURSE,BSHS435
COURSE,BUS212T
COURSE,BUS721
COURSE,BUS731
COURSE,BUS733
COURSE,CCMH504
COURSE,CCMH506
COURSE,CCMH511
COURSE,CCMH540
COURSE,CCMH558
COURSE,CCMH581
COURSE,CHM110
COURSE,CHM150
COURSE,CHM151
COURSE,CIS207T
COURSE,CIS291
COURSE,CIS293
COURSE,CIS295
COURSE,CIS297
COURSE,CJA305
COURSE,CJS201
COURSE,CJS205
COURSE,CJS211
COURSE,CJS215
COURSE,CJS221
COURSE,CJS225
COURSE,CJS231
COURSE,CJS235
COURSE,CJS241
COURSE,CJS251
COURSE,CJS255
COURSE,CMGT245
COURSE,CMGT400
COURSE,CMGT410
COURSE,CMGT433
COURSE,CMGT582
COURSE,CMHC551
COURSE,COM295T
COURSE,COM516
COURSE,COM520
COURSE,COM537
COURSE,COMM110
COURSE,CPMGT300
COURSE,CPMGT301
COURSE,CPMGT302
COURSE,CPMGT303
COURSE,CPMGT304
COURSE,CSS422
COURSE,CTEC510
COURSE,CTEC511
COURSE,CTEL501
COURSE,CTEL502
COURSE,CTEL503
COURSE,CUR506
COURSE,CUR515
COURSE,CUR516
COURSE,CUR518
COURSE,CUR520
COURSE,CUR525
COURSE,CUR528
COURSE,CUR530
COURSE,CUR535
COURSE,CUR545
COURSE,CUR713
COURSE,CUR721
COURSE,CUR722
COURSE,CUR723
COURSE,CUR731
COURSE,CUR732
COURSE,CYB120
COURSE,CYB140
COURSE,CYB150
COURSE,CYB229
COURSE,CYB231
COURSE,CYB233
COURSE,DAT205
COURSE,DAT305
COURSE,DAT380
COURSE,DAT390
COURSE,DAT565
COURSE,DBM380
COURSE,DHA711
COURSE,DHA714
COURSE,DHA715
COURSE,DHA721
COURSE,DHA722
COURSE,DHA723
COURSE,DHA724
COURSE,DHA731
COURSE,DHA733
COURSE,DSC330
COURSE,ECE205
COURSE,ECE206
COURSE,ECE207
COURSE,ECE510
COURSE,ECE511
COURSE,ECE512
COURSE,ECE513
COURSE,ECE514
COURSE,ECH205
COURSE,ECH211
COURSE,ECH301
COURSE,ECH302
COURSE,ECH321
COURSE,ECH400
COURSE,ECH416
COURSE,ECH418
COURSE,ECO365T
COURSE,ECO372T
COURSE,ECO561T
COURSE,EDD711
COURSE,EDD712
COURSE,EDD714
COURSE,EDD722
COURSE,EDD723
COURSE,EDD724
COURSE,EDD731
COURSE,EDD733
COURSE,EDS799
COURSE,EDT711
COURSE,EDT721
COURSE,EDT722
COURSE,EDT723
COURSE,EDT732
COURSE,EDU215
COURSE,EDU301
COURSE,EDU305
COURSE,EDU321
COURSE,EDUC519
COURSE,EDUC521
COURSE,EDUC522
COURSE,EDUC523
COURSE,EDUC524
COURSE,EDUC525
COURSE,EDUC526
COURSE,EDUC527
COURSE,EDUC528
COURSE,EDUC545
COURSE,EDUC548
COURSE,EED400
COURSE,EED416
COURSE,EED425
COURSE,EED430
COURSE,EED435
COURSE,ELL500
COURSE,ELM532
COURSE,ELM533
COURSE,ELM534
COURSE,ELM535
COURSE,ELM536
COURSE,ELM537
COURSE,ELM538
COURSE,ELM539
COURSE,ENG100
COURSE,ENG106
COURSE,ENG125
COURSE,ENG157
COURSE,ENG200
COURSE,ENG222
COURSE,ENG295
COURSE,ENG301
COURSE,ENG340
COURSE,ENG380
COURSE,ENG437
COURSE,ENG491
COURSE,ENG494
COURSE,ENG495
COURSE,ENT527
COURSE,ENV100T
COURSE,ENV310
COURSE,ENV315
COURSE,ENV320
COURSE,ENV420
COURSE,ETH120
COURSE,ETH316
COURSE,ETH321T
COURSE,ETH328
COURSE,ETH557
COURSE,FIN366
COURSE,FIN370T
COURSE,FIN375
COURSE,FIN402
COURSE,FIN419T
COURSE,FIN420
COURSE,FIN422
COURSE,FIN428
COURSE,FIN467
COURSE,FIN571
COURSE,FIN575
COURSE,FIN580
COURSE,FIN585
COURSE,FIN591
COURSE,FIN711
COURSE,FP100T
COURSE,GEO180
COURSE,GFT500
COURSE,GFT501
COURSE,GFT503
COURSE,GFT505
COURSE,GHA548
COURSE,GLG220
COURSE,HCS207
COURSE,HCS235
COURSE,HCS245
COURSE,HCS320
COURSE,HCS325
COURSE,HCS335
COURSE,HCS341
COURSE,HCS433
COURSE,HCS446
COURSE,HCS455
COURSE,HCS457
COURSE,HCS465
COURSE,HCS490
COURSE,HCS567
COURSE,HIS301
COURSE,HIS335
COURSE,HIS341
COURSE,HIS356
COURSE,HIS510
COURSE,HIS511
COURSE,HLTH510
COURSE,HPE270
COURSE,HPE540
COURSE,HRM300T
COURSE,HRM310
COURSE,HRM324
COURSE,HRM326
COURSE,HRM420
COURSE,HRM531
COURSE,HRM546
COURSE,HRM548
COURSE,HRM552
COURSE,HRM558
COURSE,HST155
COURSE,HST165
COURSE,HST175
COURSE,HST206
COURSE,HST276
COURSE,HUM105
COURSE,HUM115
COURSE,HUM150
COURSE,HUM300
COURSE,ISCOM361
COURSE,ISCOM370
COURSE,ISCOM374
COURSE,ISCOM383
COURSE,ISCOM386
COURSE,ISCOM472
COURSE,ISCOM476
COURSE,IST710
COURSE,IST722
COURSE,IST723
COURSE,IST724
COURSE,IST731
COURSE,IST732
COURSE,IST733
COURSE,LAW441
COURSE,LAW531T
COURSE,LDR300
COURSE,LDR531
COURSE,LDR535
COURSE,LDR711A
COURSE,LDR722
COURSE,LDR726
COURSE,LDR731
COURSE,LDR736
COURSE,LIT235
COURSE,LIT245
COURSE,LIT255
COURSE,LIT265
COURSE,LTC310
COURSE,MGT230
COURSE,MGT312T
COURSE,MGT362T
COURSE,MGT401
COURSE,MGT411
COURSE,MGT418
COURSE,MGT420
COURSE,MGT434
COURSE,MGT445
COURSE,MGT448
COURSE,MGT521T
COURSE,MGT526
COURSE,MGT576
COURSE,MGT711
COURSE,MGT716
COURSE,MGT726
COURSE,MGT736
COURSE,MHA505
COURSE,MHA542
COURSE,MHA560
COURSE,MKT421T
COURSE,MKT431
COURSE,MKT435
COURSE,MKT438
COURSE,MKT440
COURSE,MKT441
COURSE,MKT443
COURSE,MKT444
COURSE,MKT446
COURSE,MKT447
COURSE,MKT448
COURSE,MKT544
COURSE,MKT554
COURSE,MKT562
COURSE,MKT571
COURSE,MKT578
COURSE,MKT711
COURSE,MPA503
COURSE,MTE511
COURSE,MTE512
COURSE,MTE513
COURSE,MTE516
COURSE,MTH110
COURSE,MTH210
COURSE,MTH213
COURSE,MTH214
COURSE,MTH215T
COURSE,MTH216T
COURSE,MTH217
COURSE,MTH218
COURSE,MTH219T
COURSE,MTH220T
COURSE,MTH221
COURSE,MTH280
COURSE,MTH290
COURSE,MTH360
COURSE,MTH380
COURSE,MTH463
COURSE,MTH530
COURSE,MTH535
COURSE,MTH540
COURSE,MTH575
COURSE,NTC302
COURSE,NTC320
COURSE,NTC324
COURSE,NTC326
COURSE,NTC362
COURSE,ONL507
COURSE,OPS350
COURSE,OPS400
COURSE,OPS405
COURSE,OPS415
COURSE,OPS571T
COURSE,OPS574
COURSE,ORG535
COURSE,ORG581
COURSE,ORG711
COURSE,ORG716
COURSE,ORG726
COURSE,ORG727
COURSE,PHL320T
COURSE,PHY101
COURSE,PM571
COURSE,PM582
COURSE,PM584
COURSE,PM586
COURSE,POL115
COURSE,POL215
COURSE,POS408
COURSE,POS409
COURSE,PRG211
COURSE,PRG218
COURSE,PRG410
COURSE,PRG420
COURSE,PRG421
COURSE,PSY103
COURSE,PSY110
COURSE,PSY203
COURSE,PSY205T
COURSE,PSY215
COURSE,PSY225
COURSE,PSY245
COURSE,PSY250
COURSE,PSY275
COURSE,PSY280
COURSE,PSY300
COURSE,PSY301
COURSE,PSY310
COURSE,PSY315
COURSE,PSY320
COURSE,PSY340
COURSE,PSY355
COURSE,PSY360
COURSE,PSY375
COURSE,PSY390
COURSE,PSY400
COURSE,PSY405
COURSE,PSY410
COURSE,PSY425
COURSE,PSY435
COURSE,PSY450
COURSE,PSY460
COURSE,PSY475
COURSE,PSYCH600
COURSE,PSYCH610
COURSE,PSYCH620
COURSE,PSYCH625
COURSE,PSYCH630
COURSE,PSYCH635
COURSE,PSYCH645
COURSE,PSYCH650
COURSE,PSYCH655
COURSE,PSYCH660
COURSE,QNT275T
COURSE,QNT351
COURSE,QRB501
COURSE,RDG415
COURSE,RDG420
COURSE,RDG556
COURSE,RDG558
COURSE,RDG570
COURSE,RDNG500
COURSE,RDNG501
COURSE,RDNG502
COURSE,RDNG503
COURSE,RDNG504
COURSE,RDNG505
COURSE,RDNG506
COURSE,RDNG507
COURSE,RDNG508
COURSE,RDNG510
COURSE,RDNG511
COURSE,RDNG515
COURSE,REL133
COURSE,REL134
COURSE,RES351
COURSE,RES709
COURSE,RES710
COURSE,RES720
COURSE,RES724
COURSE,RES725
COURSE,RES726
COURSE,RES727
COURSE,RES728
COURSE,RES729
COURSE,RES745
COURSE,RES746
COURSE,SCH-CN501
COURSE,SCI201
COURSE,SCI209
COURSE,SCI220T
COURSE,SCI250
COURSE,SCI256
COURSE,SCI362
COURSE,SEC532
COURSE,SEC533
COURSE,SEC534
COURSE,SEC535
COURSE,SEC536
COURSE,SEC537
COURSE,SEC538
COURSE,SEC539
COURSE,SEC540
COURSE,SEC541
COURSE,SEI504
COURSE,SEI506
COURSE,SOC100
COURSE,SOC110
COURSE,SOC315
COURSE,SPAN110
COURSE,SPAN114
COURSE,SPAN520
COURSE,SPAN521
COURSE,SPE300
COURSE,SPE512
COURSE,SPE513
COURSE,SPE544
COURSE,SPE556
COURSE,SPE574
COURSE,SPE578
COURSE,SPE591
COURSE,SPED530
COURSE,SPED531
COURSE,SPED532
COURSE,SPED533
COURSE,SPED534
COURSE,SPED535
COURSE,SPED536
COURSE,SPED537
COURSE,SPED538
COURSE,SPED557
COURSE,SPED560
COURSE,SPED591
COURSE,STEAM506
COURSE,SWRK210
COURSE,SWRK220
COURSE,SWRK300
COURSE,SWRK310
COURSE,SWRK320
COURSE,SWRK330
COURSE,SWRK340
COURSE,SWRK345
COURSE,SWRK350
COURSE,SWRK360
COURSE,SWRK380
COURSE,SWRK390
COURSE,SWRK400
COURSE,SWRK421
COURSE,SWRK430
COURSE,TCH501
COURSE,TCH502
COURSE,TCH503
COURSE,TCH504
COURSE,TCH505
COURSE,TCH510
COURSE,TCH511
COURSE,TCH513
COURSE,TCH514
COURSE,TCH515
COURSE,TCH533
COURSE,TCH543
COURSE,TECH510
COURSE,TECH511
COURSE,TECH519
COURSE,TECH520
COURSE,TECH522
COURSE,TECH524
COURSE,TECH525
COURSE,TESOL570
COURSE,TESOL571
COURSE,TESOL572
COURSE,TESOL573
COURSE,TESOL574
COURSE,TESOL575
COURSE,WEB240
COURSE,WRIT320